<?xml version="1.0" encoding="UTF-8" ?>
<module>
    <name>eter_inlinelinks</name>
    <displayName><![CDATA[Enlaces en linea]]></displayName>
    <version><![CDATA[1.0.0]]></version>
    <description><![CDATA[Permite agregar enlaces personalizados en linea]]></description>
    <author><![CDATA[ETERLABS S.A.S de C.V]]></author><author_uri><![CDATA[https://www.eterlabs.com]]></author_uri>
    <tab><![CDATA[front_office_features]]></tab>
	<confirmUninstall><![CDATA[Are you sure you want uninstall this module?]]></confirmUninstall>
    <is_configurable>0</is_configurable>
    <need_instance>1</need_instance>
	<limited_countries></limited_countries>
</module>