{
	"posts" : {
		"0": {
			"active": "1",
			"name": "Prestashop Demo1",
			"details": "Con los blogs de prestashop podremos informar a nuestros clientes",
			"category": "1",
			"banner": "default/blog1.jpg",
			"url": "prestashop-demo1"
		},
		"1": {
			"active": "1",
			"name": "Prestashop Demo2",
			"details": "Con los blogs de prestashop podremos informar a nuestros clientes",
			"category": "1",
			"banner": "default/blog2.jpg",
			"url": "prestashop-demo2"
		},
		"2": {
			"active": "1",
			"name": "Prestashop Demo3",
			"details": "Con los blogs de prestashop podremos informar a nuestros clientes",
			"category": "1",
			"banner": "default/blog3.jpg",
			"url": "prestashop-demo3"
		},
		"3": {
			"active": "1",
			"name": "Prestashop Demo4",
			"details": "Con los blogs de prestashop podremos informar a nuestros clientes",
			"category": "1",
			"banner": "default/blog4.jpg",
			"url": "prestashop-demo4"
		},
		"4": {
			"active": "1",
			"name": "Prestashop Demo5",
			"details": "Con los blogs de prestashop podremos informar a nuestros clientes",
			"category": "1",
			"banner": "default/blog5.jpg",
			"url": "prestashop-demo5"
		},
		"5": {
			"active": "1",
			"name": "Prestashop Demo6",
			"details": "Con los blogs de prestashop podremos informar a nuestros clientes",
			"category": "2",
			"banner": "default/blog6.jpg",
			"url": "prestashop-demo6"
		},
		"6": {
			"active": "1",
			"name": "Prestashop Demo7",
			"details": "Con los blogs de prestashop podremos informar a nuestros clientes",
			"category": "2",
			"banner": "default/blog7.jpg",
			"url": "prestashop-demo7"
		},
		"7": {
			"active": "1",
			"name": "Prestashop Demo8",
			"details": "Con los blogs de prestashop podremos informar a nuestros clientes",
			"category": "2",
			"banner": "default/blog8.jpg",
			"url": "prestashop-demo8"
		},
		"8": {
			"active": "1",
			"name": "Prestashop Demo1",
			"details": "Con los blogs de prestashop podremos informar a nuestros clientes",
			"category": "1",
			"banner": "default/blog1.jpg",
			"url": "prestashop-demo1"
		},
		"9": {
			"active": "1",
			"name": "Prestashop Demo2",
			"details": "Con los blogs de prestashop podremos informar a nuestros clientes",
			"category": "1",
			"banner": "default/blog2.jpg",
			"url": "prestashop-demo2"
		},
		"10": {
			"active": "1",
			"name": "Prestashop Demo3",
			"details": "Con los blogs de prestashop podremos informar a nuestros clientes",
			"category": "1",
			"banner": "default/blog3.jpg",
			"url": "prestashop-demo3"
		},
		"11": {
			"active": "1",
			"name": "Prestashop Demo4",
			"details": "Con los blogs de prestashop podremos informar a nuestros clientes",
			"category": "1",
			"banner": "default/blog4.jpg",
			"url": "prestashop-demo4"
		},
		"12": {
			"active": "1",
			"name": "Prestashop Demo5",
			"details": "Con los blogs de prestashop podremos informar a nuestros clientes",
			"category": "1",
			"banner": "default/blog5.jpg",
			"url": "prestashop-demo5"
		},
		"13": {
			"active": "1",
			"name": "Prestashop Demo6",
			"details": "Con los blogs de prestashop podremos informar a nuestros clientes",
			"category": "2",
			"banner": "default/blog6.jpg",
			"url": "prestashop-demo6"
		},
		"14": {
			"active": "1",
			"name": "Prestashop Demo7",
			"details": "Con los blogs de prestashop podremos informar a nuestros clientes",
			"category": "2",
			"banner": "default/blog7.jpg",
			"url": "prestashop-demo7"
		},
		"15": {
			"active": "1",
			"name": "Prestashop Demo8",
			"details": "Con los blogs de prestashop podremos informar a nuestros clientes",
			"category": "2",
			"banner": "default/blog8.jpg",
			"url": "prestashop-demo8"
		}
	}
}
